{"cameraMode":{"drawMode":0,"name":"Shaded","section":"Shading Mode"},"sceneLighting":true,"audioPlay":false,"sceneViewState":{"m_AlwaysRefresh":false,"showFog":true,"showSkybox":true,"showFlares":true,"showImageEffects":true,"showParticleSystems":true,"showVisualEffectGraphs":true,"m_FxEnabled":true},"in2DMode":false,"pivot":{"x":2.5893192291259767,"y":13.295788764953614,"z":51.961280822753909},"rotation":{"x":-0.001336333923973143,"y":0.9891523718833923,"z":-0.14677518606185914,"w":-0.008912496268749237},"size":0.5504494905471802,"orthographic":false}